iteration,pre_projection_violation,projection_correction_norm,post_projection_violation,mean_squared_residual,relative_update,projection_reproduced
0,0.0,0.0,0.0,0.012029762610947873,0.0,True
1,0.009143358008961454,0.10285602327285212,0.0,0.009439073760415254,0.11622404657433497,True
2,0.00047680238787864833,0.018907589680130857,0.0,0.00893150371871222,0.05551635443806125,True
3,0.0025334437467859116,0.05697267053565,0.0,0.008797070861805544,0.030721320978823505,True
4,0.0014812194392038749,0.041736882809661806,0.0,0.00875935081812772,0.018685082347869805,True
5,0.00181905291191246,0.04694306590077173,0.0,0.008743958845290997,0.012831369290129528,True
6,0.0017177106773361484,0.04571900954778958,0.0,0.008737321060787586,0.009695760106845636,True
7,0.0016872944645148235,0.04494358942050579,0.0,0.008733407961680083,0.007612234118998349,True
8,0.0017499659393125887,0.046264725555778985,0.0,0.008731048126896566,0.006221210548486283,True
9,0.001663523841125775,0.04462890016596018,0.0,0.008729540040163677,0.005065994479990607,True
10,0.0017423976718355834,0.04614291158608558,0.0,0.008728537294994494,0.004177649217984554,True
11,0.001662432198037504,0.04469815918264918,0.0,0.008727859558527338,0.003439737409247337,True
12,0.0017290227123270474,0.04592193934629338,0.0,0.00872739847030953,0.002846609415287076,True
13,0.0016688277679146426,0.04484703437573766,0.0,0.008727083955127125,0.002349039763162317,True
14,0.001717819203347609,0.04573439270692774,0.0,0.008726869195417174,0.0019442005275227374,True
15,0.0016752480411038222,0.044976733143679164,0.0,0.00872672248891061,0.0016055106175092138,True
16,0.0017097182691492615,0.045597268454486015,0.0,0.00872662225252674,0.00132842584771231,True
17,0.0016802733370755313,0.0450735607032861,0.0,0.008726553760725305,0.0010974123178505147,True
18,0.0017041264732340238,0.045501693137934195,0.0,0.008726506957940031,0.0009077825943115349,True
19,0.00168392758876535,0.04514235698329707,0.0,0.00872647497507911,0.0007500962204850919,True
20,0.0017003249836030293,0.04543619143956896,0.0,0.008726453119015608,0.000620366270332628,True
21,0.0016865105076702925,0.04519032456453667,0.0,0.008726438183035248,0.0005126873804633925,True
22,0.0016977514071969337,0.04539155890033677,0.0,0.008726427975955594,0.0004239629565704354,True
23,0.0016883131707288838,0.04522350411734274,0.0,0.0087264210004707,0.0003504126082241471,True
24,0.001696009622798533,0.045361196658896284,0.0,0.008726416233398227,0.00028974550611004986,True
25,0.001689563204539325,0.04524636873654809,0.0,0.008726412975533893,0.00023949747582793811,True
26,0.001694829675251639,0.04534054512798017,0.0,0.008726410749059834,0.0001980212344435651,True
27,0.0016904268336487495,0.04526209358147692,0.0,0.008726409227443133,0.0001636885093356082,True
28,0.0016940293713861576,0.04532649352525743,0.0,0.008726408187533714,0.0001353353226484035,True
29,0.0016910221025702233,0.04527289488346554,0.0,0.008726407476830877,0.00011187493460935472,True
30,0.0016934859451849984,0.045316927954703566,0.0,0.008726406991114662,9.249400488746875e-05,True
31,0.0016914317347107703,0.04528030797852671,0.0,0.008726406659159887,7.646199547855591e-05,True
32,0.0016931165843621344,0.04531041308881092,0.0,0.00872640643229003,6.32147045442666e-05,True
33,0.0016917132856931196,0.045285392483519475,0.0,0.00872640627723851,5.225854198386367e-05,True
34,0.0016928653290641804,0.04530597404281841,0.0,0.008726406171270093,4.3204015322652315e-05,True
35,0.0016919066264897784,0.04528887810828786,0.0,0.008726406098846855,3.571644089162322e-05,True
36,0.001692694298917558,0.04530294824597068,0.0,0.008726406049349687,2.9527803332447205e-05,True
37,0.0016920392978075163,0.04529126666090484,0.0,0.008726406015521127,2.4410605597376125e-05,True
38,0.00169257781309058,0.04530088508270346,0.0,0.008726405992401145,2.0180823759502197e-05,True
39,0.001692130284565511,0.04529290287608427,0.0,0.008726405976599872,1.668355515212105e-05,True
40,0.0016924984394626865,0.04529947789641335,0.0,0.008726405965800536,1.3792631952153833e-05,True
41,0.0016921926540738002,0.045294023397609635,0.0,0.00872640595841975,1.140245679273273e-05,True
42,0.0016924443329189866,0.04529851788365666,0.0,0.008726405953375361,9.426614855297672e-06,True
43,0.001692235390123989,0.045294790569165494,0.0,0.008726405949927777,7.793062028051505e-06,True
44,0.0016924074379037436,0.045297862801834655,0.0,0.00872640594757152,6.442651395409929e-06,True
45,0.001692264663437656,0.045295315705841784,0.0,0.008726405945961139,5.326203373735906e-06,True
46,0.0016923822722226453,0.045297415711731896,0.0,0.008726405944860524,4.403253431913869e-06,True
47,0.0016922847093991784,0.04529567510111395,0.0,0.008726405944108305,3.640217267784903e-06,True
48,0.0016923651028160117,0.04529711052537576,0.0,0.0087264059435942,3.0094203969719832e-06,True
49,0.001692298433293043,0.045295921026369854,0.0,0.008726405943242836,2.487922424913121e-06,True
50,0.001692353386449756,0.045296902173807246,0.0,0.008726405943002695,2.056800315028953e-06,True
51,0.001692307827022794,0.045296089283584556,0.0,0.00872640594283857,1.7003814031124767e-06,True
52,0.0016923453897749292,0.04529675991396587,0.0,0.008726405942726397,1.4057285536707085e-06,True
53,0.0016923142556962974,0.04529620438794592,0.0,0.008726405942649732,1.162133042731583e-06,True
54,0.0016923399310094507,0.04529666277017052,0.0,0.008726405942597338,9.607510127072475e-07,True
55,0.0016923186545311055,0.0452962831222564,0.0,0.008726405942561525,7.942648606135244e-07,True
56,0.0016923362041833183,0.045296596428069616,0.0,0.008726405942537051,6.566293190909503e-07,True
57,0.0016923216640406533,0.045296336973555736,0.0,0.008726405942520325,5.428437579948548e-07,True
58,0.0016923336594870247,0.04529655111747882,0.0,0.008726405942508893,4.4877609554078336e-07,True
59,0.001692323722788208,0.04529637380283506,0.0,0.008726405942501078,3.7100891795556204e-07,True
60,0.0016923319217725932,0.04529652016879512,0.0,0.008726405942495739,3.067179411462843e-07,True
61,0.001692325130994275,0.04529639898884936,0.0,0.008726405942492087,2.535676536581112e-07,True
62,0.0016923307350182352,0.04529649902841734,0.0,0.008726405942489595,2.096276951839143e-07,True
63,0.0016923260941369513,0.045296416211445575,0.0,0.00872640594248789,1.7330191346285398e-07,True
64,0.0016923299244709685,0.04529648458705913,0.0,0.008726405942486725,1.4327095290097883e-07,True
65,0.0016923267528271058,0.04529642798788586,0.0,0.008726405942485927,1.1844394569075142e-07,True
66,0.0016923293708319199,0.04529647472142162,0.0,0.008726405942485386,9.791915282351184e-08,True
67,0.0016923272032723035,0.04529643603997371,0.0,0.008726405942485011,8.095102981936372e-08,True
68,0.0016923289926487686,0.04529646798139723,0.0,0.008726405942484758,6.692326986833779e-08,True
69,0.0016923275112907064,0.04529644154531907,0.0,0.008726405942484583,5.532633377204542e-08,True
70,0.0016923287343028983,0.04529646337655503,0.0,0.008726405942484465,4.5738999705611916e-08,True
71,0.0016923277219052842,0.0452964453092739,0.0,0.008726405942484387,3.7813023919177926e-08,True
72,0.001692328557812157,0.045296460230379025,0.0,0.00872640594248433,3.126051851102774e-08,True
73,0.0016923278659110737,0.04529644788257063,0.0,0.00872640594248429,2.5843476146421343e-08,True
74,0.0016923284372361565,0.04529645808074509,0.0,0.008726405942484266,2.1365137616293877e-08,True
75,0.0016923279643696987,0.04529644964180121,0.0,0.008726405942484248,1.766283651373035e-08,True
76,0.00169232835485721,0.04529645661196177,0.0,0.008726405942484233,1.4602096498203293e-08,True
77,0.0016923280316846728,0.04529645084446522,0.0,0.008726405942484229,1.2071742737333377e-08,True
78,0.0016923282985730685,0.04529645560836028,0.0,0.00872640594248422,9.979866601916668e-09,True
