dataset,sigma,competitor,rmse_ratio_ours_over_competitor,end_to_end_speedup,fixed_parameter_refit_speedup,acceptable_accuracy,clear_end_to_end_speedup,joint_success
cdf_plateau,0.02,Penalized monotone B-spline,1.0071282032147066,2.5542701161639325,0.11655858552062079,True,True,True
cdf_plateau,0.05,Penalized monotone B-spline,0.979976749956906,2.7133963186058656,0.12376251052834712,True,True,True
cdf_plateau,0.1,Penalized monotone B-spline,0.9719223736696108,2.6927104895677347,0.12163122829834196,True,True,True
dose_response,0.02,Penalized monotone B-spline,1.0152116008658807,1.8633775477456744,0.08630352735179685,True,False,False
dose_response,0.05,Penalized monotone B-spline,1.0814281799224035,2.1831550137520472,0.08876547791340231,True,True,True
dose_response,0.1,Penalized monotone B-spline,1.1354109480936994,2.4125750922504747,0.09891333082937963,False,True,False
sensor_log,0.02,Penalized monotone B-spline,1.2858525807491616,1.1532021983410823,0.01741628196948138,False,False,False
sensor_log,0.05,Penalized monotone B-spline,1.1806727302074758,1.5205403098710004,0.01806407638962288,False,False,False
sensor_log,0.1,Penalized monotone B-spline,1.3549030766780246,1.6171220198336171,0.019202760112657303,False,False,False
cdf_plateau,0.02,pyGAM,0.9795434625740878,6.630742608101283,1.1195433976966498,True,True,True
cdf_plateau,0.05,pyGAM,1.012809345955822,7.07227742914556,1.224100787979013,True,True,True
cdf_plateau,0.1,pyGAM,0.9855197153701127,7.1804066595354925,1.18580071694515,True,True,True
dose_response,0.02,pyGAM,1.1004828123245651,4.3760591100882404,0.622162154114597,False,True,False
dose_response,0.05,pyGAM,1.1129680114717604,5.059548943465588,0.6916586255790507,False,True,False
dose_response,0.1,pyGAM,1.1139514571650686,5.672727239720136,0.7814837525218139,False,True,False
sensor_log,0.02,pyGAM,1.3664095076160838,2.922858720518424,0.36210596879959683,False,True,False
sensor_log,0.05,pyGAM,1.3767597866289787,3.302082795204234,0.3732702073474281,False,True,False
sensor_log,0.1,pyGAM,1.2786427411706303,3.695881378511536,0.397326865302227,False,True,False
