observations,repeat,method,end_to_end_seconds,refit_seconds,iterations,converged
120,1,MonotoneLSPIA,0.024470250005833805,0.024470250005833805,151,True
120,1,Penalized monotone B-spline,0.04891917301574722,0.001969803008250892,11,True
120,1,pyGAM,0.10106262896442786,0.014127545000519603,3,True
120,2,MonotoneLSPIA,0.0203536240151152,0.0203536240151152,150,True
120,2,Penalized monotone B-spline,0.04694313002983108,0.0019106820109300315,9,True
120,2,pyGAM,0.10512352199293673,0.016170470044016838,3,True
120,3,MonotoneLSPIA,0.02591109898639843,0.02591109898639843,170,True
120,3,Penalized monotone B-spline,0.05050314700929448,0.0019099870114587247,10,True
120,3,pyGAM,0.11372998799197376,0.025426426029298455,3,True
1000,1,MonotoneLSPIA,0.025593693950213492,0.025593693950213492,152,True
1000,1,Penalized monotone B-spline,0.08961975498823449,0.0027403240092098713,10,True
1000,1,pyGAM,0.1228843959979713,0.016877710004337132,2,True
1000,2,MonotoneLSPIA,0.02662543999031186,0.02662543999031186,161,True
1000,2,Penalized monotone B-spline,0.09271921002073213,0.003334775974508375,13,True
1000,2,pyGAM,0.13901952997548506,0.021321689011529088,3,True
1000,3,MonotoneLSPIA,0.03224648698233068,0.03224648698233068,197,True
1000,3,Penalized monotone B-spline,0.08213913801591843,0.0033653199789114296,17,True
1000,3,pyGAM,0.1264554500230588,0.01657352299662307,3,True
10000,1,MonotoneLSPIA,0.06759060500189662,0.06759060500189662,222,True
10000,1,Penalized monotone B-spline,0.23206403094809502,0.010557960020378232,21,True
10000,1,pyGAM,0.3140973999979906,0.062294214963912964,2,True
10000,2,MonotoneLSPIA,0.052266984013840556,0.052266984013840556,160,True
10000,2,Penalized monotone B-spline,0.31760707299690694,0.011766566021833569,18,True
10000,2,pyGAM,0.31072751397732645,0.04958113300381228,2,True
10000,3,MonotoneLSPIA,0.059026063012424856,0.059026063012424856,186,True
10000,3,Penalized monotone B-spline,0.27965384401613846,0.014851399988401681,18,True
10000,3,pyGAM,0.2906858079950325,0.05028712999774143,2,True
100000,1,MonotoneLSPIA,0.3750252189929597,0.3750252189929597,221,True
100000,1,Penalized monotone B-spline,1.0411314989905804,0.07488525402732193,18,True
100000,1,pyGAM,2.1351514699636027,0.2884108229773119,2,True
100000,2,MonotoneLSPIA,0.5663502759998664,0.5663502759998664,201,True
100000,2,Penalized monotone B-spline,1.5675109840231016,0.07264956197468564,21,True
100000,2,pyGAM,2.2758145090192556,0.42574763600714505,2,True
100000,3,MonotoneLSPIA,0.44044937699800357,0.44044937699800357,215,True
100000,3,Penalized monotone B-spline,1.446869863953907,0.0730391819961369,23,True
100000,3,pyGAM,2.4633008370292373,0.5376690159901045,2,True
