fold,method,test_observations,rmse_ah,mae_ah
1,LSPIA,33,0.016246630576484202,0.0115199867186968
1,IsotonicRegression,33,0.013322174629418645,0.008090180701080717
1,Penalized monotone B-spline,33,0.016613008303213148,0.011254636157423087
1,pyGAM,33,0.016573553231810294,0.011233715200814337
1,MonotoneLSPIA,33,0.01667764052988625,0.011323838276502253
2,LSPIA,34,0.011623770690967827,0.009598031682037917
2,IsotonicRegression,34,0.009539181248172544,0.0071028545682154795
2,Penalized monotone B-spline,34,0.01207505818579206,0.009638039253463548
2,pyGAM,34,0.01210156132388224,0.009775303702110693
2,MonotoneLSPIA,34,0.012124365230776372,0.009699616899833466
3,LSPIA,33,0.010605609043848706,0.0072541295474359835
3,IsotonicRegression,33,0.009635515590458872,0.005670758529658031
3,Penalized monotone B-spline,33,0.010405019757356948,0.0077292810455881315
3,pyGAM,33,0.010427153312425705,0.0076564725258007026
3,MonotoneLSPIA,33,0.010417184593359262,0.007723559567863464
4,LSPIA,33,0.010929476027497035,0.008117702803288223
4,IsotonicRegression,33,0.009997203929364498,0.006281073190963117
4,Penalized monotone B-spline,33,0.010766374881004275,0.008361597758167869
4,pyGAM,33,0.01082926740008345,0.008371554355830896
4,MonotoneLSPIA,33,0.01073152637440843,0.008326258737901679
5,LSPIA,33,0.01596087026378591,0.00947411557581379
5,IsotonicRegression,33,0.01471451499518081,0.0068876996947709376
5,Penalized monotone B-spline,33,0.016482829505532308,0.00973065738850338
5,pyGAM,33,0.016420036778033203,0.009680828673802714
5,MonotoneLSPIA,33,0.01642029021130277,0.009668622586298714
