dataset,sigma,method,recovery_rmse_mean,recovery_rmse_sd,recovery_rmse_se,maximum_negative_slope_max,convergence_rate
sensor_log,0.02,LSPIA,0.0059456572988138825,0.0012850875604992662,0.00012850875604992663,1.4253601805957339,1.0
sensor_log,0.02,IsotonicRegression,0.010761823596891304,0.0010033176505465109,0.00010033176505465109,0.0,1.0
sensor_log,0.02,Penalized monotone B-spline,0.005196521349157598,0.0011992024442444068,0.00011992024442444068,0.0,1.0
sensor_log,0.02,pyGAM,0.005243497713236418,0.0012430696644924908,0.00012430696644924908,0.0,0.99
sensor_log,0.02,MonotoneLSPIA,0.005828522337097852,0.001277722906673826,0.00012777229066738261,0.0,1.0
sensor_log,0.05,LSPIA,0.014879811676318284,0.0033322076678676802,0.00033322076678676804,3.9355655238848897,1.0
sensor_log,0.05,IsotonicRegression,0.020875560194357597,0.002492012879272161,0.00024920128792721614,0.0,1.0
sensor_log,0.05,Penalized monotone B-spline,0.010824594761202838,0.0032012510991862196,0.00032012510991862194,0.0,1.0
sensor_log,0.05,pyGAM,0.011517857264862317,0.0029906429807885697,0.000299064298078857,0.0,1.0
sensor_log,0.05,MonotoneLSPIA,0.013693964791500132,0.0030725506704936604,0.00030725506704936604,0.0,1.0
sensor_log,0.1,LSPIA,0.029880804545517142,0.005985848997602696,0.0005985848997602696,7.845072498021577,1.0
sensor_log,0.1,IsotonicRegression,0.03443673459087188,0.004755928029641963,0.00047559280296419627,0.0,1.0
sensor_log,0.1,Penalized monotone B-spline,0.02251463515249807,0.006262851772938271,0.0006262851772938272,0.0,1.0
sensor_log,0.1,pyGAM,0.019535978513702187,0.0062056353875756245,0.0006205635387575624,0.0,1.0
sensor_log,0.1,MonotoneLSPIA,0.025099383546170594,0.005820265693717964,0.0005820265693717964,0.0,1.0
dose_response,0.02,LSPIA,0.006124528178214311,0.0011899190575887521,0.00011899190575887521,2.11251138024669,1.0
dose_response,0.02,IsotonicRegression,0.009959783772409646,0.0010549412835339825,0.00010549412835339825,0.0,1.0
dose_response,0.02,Penalized monotone B-spline,0.005313281804746679,0.0011070689333696618,0.00011070689333696619,4.4364512064022255e-13,1.0
dose_response,0.02,pyGAM,0.005503222622019346,0.0011110083202360483,0.00011110083202360483,6.521583273410549e-10,1.0
dose_response,0.02,MonotoneLSPIA,0.0053644554358269255,0.0011287770256951097,0.00011287770256951097,6.654676809603339e-13,1.0
dose_response,0.05,LSPIA,0.015444184168565665,0.002622331334718197,0.0002622331334718197,4.396356047625087,1.0
dose_response,0.05,IsotonicRegression,0.020616276685874638,0.0025365621510651795,0.00025365621510651794,0.0,1.0
dose_response,0.05,Penalized monotone B-spline,0.012447286062253671,0.0029622539918816074,0.0002962253991881607,4.4364512064022255e-13,1.0
dose_response,0.05,pyGAM,0.01193169333486918,0.0031501359271556306,0.00031501359271556305,1.8629767728484548e-09,1.0
dose_response,0.05,MonotoneLSPIA,0.012429997967791652,0.002754106885212537,0.0002754106885212537,4.4364512064022255e-13,1.0
dose_response,0.1,LSPIA,0.03033531950726963,0.006235656953318281,0.0006235656953318281,8.380043787120119,1.0
dose_response,0.1,IsotonicRegression,0.034949915918917995,0.00594485891369111,0.000594485891369111,0.0,1.0
dose_response,0.1,Penalized monotone B-spline,0.023749003236203645,0.006209543013210318,0.0006209543013210318,5.545564008002782e-13,1.0
dose_response,0.1,pyGAM,0.0231976815018163,0.0064399803739078314,0.0006439980373907832,6.138384800458279e-09,1.0
dose_response,0.1,MonotoneLSPIA,0.022605017542839154,0.006072764140823919,0.0006072764140823919,6.654676809603339e-13,1.0
cdf_plateau,0.02,LSPIA,0.009637611398202673,0.0006704515011351567,6.704515011351567e-05,2.366900896881361,1.0
cdf_plateau,0.02,IsotonicRegression,0.00899899988532947,0.0010332931923925954,0.00010332931923925954,0.0,1.0
cdf_plateau,0.02,Penalized monotone B-spline,0.010922257167885672,0.0004743027579096897,4.743027579096897e-05,4.4364512064022255e-13,1.0
cdf_plateau,0.02,pyGAM,0.010910924741528636,0.0004744616197609781,4.744616197609781e-05,1.0898142388527067e-09,1.0
cdf_plateau,0.02,MonotoneLSPIA,0.01091790568846057,0.00047214599404160623,4.721459940416062e-05,5.545564008002782e-13,1.0
cdf_plateau,0.05,LSPIA,0.017101151529861806,0.0027482181574258998,0.00027482181574259,5.430702962456156,1.0
cdf_plateau,0.05,IsotonicRegression,0.018570930672835856,0.0024893473212711814,0.0002489347321271181,0.0,1.0
cdf_plateau,0.05,Penalized monotone B-spline,0.014328192594030975,0.0022472686551325105,0.00022472686551325104,4.4364512064022255e-13,1.0
cdf_plateau,0.05,pyGAM,0.014421802842109048,0.002237015234622996,0.0002237015234622996,3.2902940372282104e-09,1.0
cdf_plateau,0.05,MonotoneLSPIA,0.014311922525310225,0.0022527117278164093,0.00022527117278164092,4.4364512064022255e-13,1.0
cdf_plateau,0.1,LSPIA,0.031767684110543704,0.006555441279317955,0.0006555441279317955,11.032753444849304,1.0
cdf_plateau,0.1,IsotonicRegression,0.033116026152406844,0.0056809325626586615,0.0005680932562658661,0.0,1.0
cdf_plateau,0.1,Penalized monotone B-spline,0.0225645151142977,0.005928346818222642,0.0005928346818222642,4.4364512064022255e-13,1.0
cdf_plateau,0.1,pyGAM,0.02238926534182706,0.0057087716319693125,0.0005708771631969312,6.8314693901782774e-09,1.0
cdf_plateau,0.1,MonotoneLSPIA,0.022481336998083704,0.00555766713725684,0.000555766713725684,4.4364512064022255e-13,1.0
