dataset,sigma,method,recovery_rmse_mean,recovery_rmse_sd,end_to_end_seconds_median,refit_seconds_median,maximum_negative_slope_max,convergence_rate
sensor_log,0.02,MonotoneLSPIA,0.005817174111958156,0.0012725810104500224,0.0057785384997259825,0.0057785384997259825,0.0,1.0
sensor_log,0.02,Penalized monotone B-spline,0.005196521349157594,0.001199202444244404,0.0210554554942064,0.0004069770220667124,0.0,1.0
sensor_log,0.02,pyGAM,0.005243497713236418,0.0012430696644924908,0.07000311100273393,0.008777497510891408,0.0,0.99
sensor_log,0.05,MonotoneLSPIA,0.01368144888499494,0.0030702138500415996,0.006602380017284304,0.006602380017284304,0.0,1.0
sensor_log,0.05,Penalized monotone B-spline,0.01082459476120286,0.0032012510991862014,0.03298809350235388,0.0004435330047272146,0.0,1.0
sensor_log,0.05,pyGAM,0.011517857264862317,0.0029906429807885697,0.07968036498641595,0.009546989982482046,0.0,1.0
sensor_log,0.1,MonotoneLSPIA,0.025094919260911633,0.005818414855276654,0.006247512967092916,0.006247512967092916,0.0,1.0
sensor_log,0.1,Penalized monotone B-spline,0.022514635152501083,0.006262851772941345,0.03210633448907174,0.0004174679925199598,0.0,1.0
sensor_log,0.1,pyGAM,0.019535978513702187,0.0062056353875756245,0.08012644399423152,0.008863517956342548,0.0,1.0
dose_response,0.02,MonotoneLSPIA,0.005362556318411941,0.001129260284772077,0.0055130154942162335,0.0055130154942162335,4.4364512064022255e-13,1.0
dose_response,0.02,Penalized monotone B-spline,0.005313281804745934,0.0011070689333706836,0.03798215551069006,0.0017470884777139872,5.545564008002782e-13,1.0
dose_response,0.02,pyGAM,0.005503222622019346,0.0011110083202360483,0.09831260298960842,0.015584973007207736,6.521583273410549e-10,1.0
dose_response,0.05,MonotoneLSPIA,0.012428904904761085,0.0027545209231878186,0.005155380495125428,0.005155380495125428,4.4364512064022255e-13,1.0
dose_response,0.05,Penalized monotone B-spline,0.012447286062257151,0.0029622539918870033,0.03895966900745407,0.0017331050185021013,4.4364512064022255e-13,1.0
dose_response,0.05,pyGAM,0.01193169333486918,0.0031501359271556306,0.09838624950498343,0.015093002002686262,1.8629767728484548e-09,1.0
dose_response,0.1,MonotoneLSPIA,0.02260499380845048,0.006072975491985318,0.005153242498636246,0.005153242498636246,6.654676809603339e-13,1.0
dose_response,0.1,Penalized monotone B-spline,0.023749003236230967,0.0062095430132296115,0.03690039101638831,0.0016579634975641966,5.545564008002782e-13,1.0
dose_response,0.1,pyGAM,0.0231976815018163,0.0064399803739078314,0.0980414375080727,0.01485390603193082,6.138384800458279e-09,1.0
cdf_plateau,0.02,MonotoneLSPIA,0.010918085122104388,0.00047219439309463367,0.003864900500047952,0.003864900500047952,4.4364512064022255e-13,1.0
cdf_plateau,0.02,Penalized monotone B-spline,0.010922257167885658,0.0004743027579096703,0.03402018451015465,0.0014987390022724867,4.4364512064022255e-13,1.0
cdf_plateau,0.02,pyGAM,0.010910924741528636,0.0004744616197609781,0.12008529747254215,0.020351909013697878,1.0898142388527067e-09,1.0
cdf_plateau,0.05,MonotoneLSPIA,0.01431150008673021,0.002254137986068723,0.003830956993624568,0.003830956993624568,5.545564008002782e-13,1.0
cdf_plateau,0.05,Penalized monotone B-spline,0.014328192594030911,0.00224726865513252,0.0333061010169331,0.0014681345201097429,4.4364512064022255e-13,1.0
cdf_plateau,0.05,pyGAM,0.014421802842109048,0.002237015234622996,0.11233226099284366,0.018588628503493965,3.2902940372282104e-09,1.0
cdf_plateau,0.1,MonotoneLSPIA,0.02248235237988706,0.0055587875730607915,0.004096844000741839,0.004096844000741839,4.4364512064022255e-13,1.0
cdf_plateau,0.1,Penalized monotone B-spline,0.022564515114297645,0.00592834681822258,0.03598753901314922,0.0015655295283067971,4.4364512064022255e-13,1.0
cdf_plateau,0.1,pyGAM,0.02238926534182706,0.0057087716319693125,0.11535342500428669,0.020494107011472806,6.8314693901782774e-09,1.0
