dataset,sigma,method,recovery_rmse_mean,recovery_rmse_sd,maximum_negative_slope_mean,runtime_median_seconds,iterations_median
sensor_log,0.01,LSPIA,0.003513104632354238,0.0006319817124395662,0.051592562773096456,0.01485551503719762,233.0
sensor_log,0.01,Denoise+LSPIA,0.00479178607751214,0.0006154493509150315,0.03459548531176269,0.01542330050142482,233.0
sensor_log,0.01,Isotonic,0.007272090807883609,0.0004683530455152297,0.0,0.00019397150026634336,1.0
sensor_log,0.01,Monotone Smooth,0.0034141010365804445,0.0005283179836711711,0.0,0.02440404298249632,1.0
sensor_log,0.01,MonotoneLSPIA,0.0034598423187334883,0.0006206043294202768,0.0,0.04356820197426714,232.0
sensor_log,0.02,LSPIA,0.007032594392863539,0.0013074179522843414,0.2668859633266624,0.014290318504208699,233.0
sensor_log,0.02,Denoise+LSPIA,0.007209228241110588,0.0012738291098228934,0.14134655274152538,0.014748133020475507,233.0
sensor_log,0.02,Isotonic,0.011901775900237716,0.000986304081032509,0.0,0.00019699399126693606,1.0
sensor_log,0.02,Monotone Smooth,0.005396453066687426,0.0012963538281799288,0.0,0.035930867976276204,1.0
sensor_log,0.02,MonotoneLSPIA,0.006770950987772243,0.0012752296265480204,0.0,0.041856524476315826,228.0
sensor_log,0.035,LSPIA,0.012315644074717564,0.002122322673356452,0.5619543126963282,0.01430784648982808,234.0
sensor_log,0.035,Denoise+LSPIA,0.011537739061547979,0.001910785440167606,0.2771959034490077,0.014730809984030202,233.0
sensor_log,0.035,Isotonic,0.017558037904449653,0.00163417405220686,0.0,0.00020766901434399188,1.0
sensor_log,0.035,Monotone Smooth,0.00880298418817536,0.0023009957771308025,0.0,0.04135488602332771,1.0
sensor_log,0.035,MonotoneLSPIA,0.011377048271103562,0.0019506663277229254,0.0,0.04098675699788146,220.0
sensor_log,0.05,LSPIA,0.018716382280871385,0.003453379599567508,1.1774754526342774,0.014669524010969326,237.0
sensor_log,0.05,Denoise+LSPIA,0.016883498840936487,0.003043997581846091,0.561255421506495,0.014714608463691548,233.0
sensor_log,0.05,Isotonic,0.023140830921536404,0.0028173276433946866,0.0,0.00021788946469314396,1.0
sensor_log,0.05,Monotone Smooth,0.013599727437859841,0.0034267910558919974,0.0,0.042057938990183175,1.0
sensor_log,0.05,MonotoneLSPIA,0.01608564281562405,0.0031915299781229544,2.642330798607882e-16,0.0407704429817386,213.0
sensor_log,0.075,LSPIA,0.02637061186715774,0.004570725907776213,1.8438108090524443,0.01461230352288112,239.0
sensor_log,0.075,Denoise+LSPIA,0.023395623391195036,0.004152212792643912,0.9740000607239097,0.014616253029089421,231.0
sensor_log,0.075,Isotonic,0.029756248812558766,0.0034711451394851037,0.0,0.00022036500740796328,1.0
sensor_log,0.075,Monotone Smooth,0.017382914941941833,0.004637341031731375,1.056932319443144e-15,0.04195593050098978,1.0
sensor_log,0.075,MonotoneLSPIA,0.02171426444596326,0.004014715469346061,2.5102142586774737e-15,0.039681776019278914,203.5
sensor_log,0.1,LSPIA,0.03690494727784967,0.006456200605541281,3.2896171660841595,0.014736272016307339,245.0
sensor_log,0.1,Denoise+LSPIA,0.032357547521762765,0.006241085068133915,1.7087786448974003,0.014553789020283148,233.0
sensor_log,0.1,Isotonic,0.03755073136125035,0.005317726583918022,0.0,0.00021878303959965706,1.0
sensor_log,0.1,Monotone Smooth,0.021323490898873986,0.0071952674615431665,6.605826996519705e-16,0.041850833513308316,1.0
sensor_log,0.1,MonotoneLSPIA,0.028623073844853932,0.005916588487702247,3.567146578120625e-15,0.03795104500022717,192.5
dose_response,0.01,LSPIA,0.003564426601925524,0.0006385748630647034,0.3618252138335767,0.014339149027364329,239.0
dose_response,0.01,Denoise+LSPIA,0.0033376402903041937,0.0006937393815216773,0.1918075994060724,0.014798744028666988,239.0
dose_response,0.01,Isotonic,0.006605481844508221,0.0005262875029972513,0.0,0.0002001324901357293,1.0
dose_response,0.01,Monotone Smooth,0.0029900674915517927,0.0006067832607270465,5.953501580613349e-15,0.044269897014601156,1.0
dose_response,0.01,MonotoneLSPIA,0.00306830823225096,0.0006072719583497424,6.874188718253285e-15,0.03855795247363858,200.0
dose_response,0.02,LSPIA,0.0071570057636078255,0.0010620777975874692,0.7677165452248161,0.014592319523217157,239.0
dose_response,0.02,Denoise+LSPIA,0.006577241379116189,0.001090825921699132,0.3983284523817464,0.01490655800444074,239.0
dose_response,0.02,Isotonic,0.01128197932570425,0.0010104216116650008,0.0,0.00020531401969492435,1.0
dose_response,0.02,Monotone Smooth,0.0059880723008300975,0.0013388190083243696,1.0615899435559287e-14,0.045002279977779835,1.0
dose_response,0.02,MonotoneLSPIA,0.005947945394269262,0.00116328624464578,1.0856392824651332e-14,0.03815597150241956,186.0
dose_response,0.035,LSPIA,0.012642605471570542,0.0023018201754900895,1.3469444839938018,0.01602405498852022,241.0
dose_response,0.035,Denoise+LSPIA,0.011260483753452365,0.0021538211025051153,0.7016517705094009,0.01694948202930391,239.0
dose_response,0.035,Isotonic,0.017204380234431892,0.0022445239341819774,0.0,0.00024705700343474746,1.0
dose_response,0.035,Monotone Smooth,0.009875915960800287,0.0022433906944482624,1.4731510282473e-14,0.05017153749940917,1.0
dose_response,0.035,MonotoneLSPIA,0.009933456977128573,0.0022994883636352,1.5343323400002214e-14,0.03796476448769681,161.5
dose_response,0.05,LSPIA,0.017407540467420258,0.003311648044597052,2.2044831550775736,0.01621032549883239,242.0
dose_response,0.05,Denoise+LSPIA,0.015283073519977555,0.0028693552187972547,1.2567617289800828,0.01702268049120903,239.0
dose_response,0.05,Isotonic,0.021649291427423868,0.002524529423919828,0.0,0.00024869301705621183,1.0
dose_response,0.05,Monotone Smooth,0.011687733228899799,0.003150827518714949,1.552730600346e-14,0.050569604500196874,1.0
dose_response,0.05,MonotoneLSPIA,0.013054797952625471,0.00311260719311831,1.8124221741466776e-14,0.03776691301027313,164.0
dose_response,0.075,LSPIA,0.027833901331029934,0.004503386343410039,3.2060124600926794,0.014664759015431628,242.0
dose_response,0.075,Denoise+LSPIA,0.024623956702399273,0.004354959561559578,1.7705002425921796,0.014806131017394364,239.0
dose_response,0.075,Isotonic,0.030180863617558232,0.004224216347197369,0.0,0.00021087648929096758,1.0
dose_response,0.075,Monotone Smooth,0.018266247400651383,0.004971837828340351,1.786876202558572e-14,0.044704169005854055,1.0
dose_response,0.075,MonotoneLSPIA,0.020429342793490565,0.004547614232423409,2.0718879628449368e-14,0.03286644400213845,137.0
dose_response,0.1,LSPIA,0.03641600516805712,0.00661852176075124,4.235284631058869,0.014589029015041888,245.0
dose_response,0.1,Denoise+LSPIA,0.03197702804911311,0.00621722089082617,2.183596879924629,0.014848891500150785,239.0
dose_response,0.1,Isotonic,0.038149091317803925,0.006018114533628803,0.0,0.00021003352594561875,1.0
dose_response,0.1,Monotone Smooth,0.023438276837591275,0.007185348121000491,1.602338812849158e-14,0.044878818502184004,1.0
dose_response,0.1,MonotoneLSPIA,0.02689950756561883,0.006656990294480743,2.2691596323308526e-14,0.03258167949388735,139.5
cdf_plateau,0.01,LSPIA,0.003830355290051833,0.0005165114014768093,0.41292440241611267,0.013341557991225272,216.0
cdf_plateau,0.01,Denoise+LSPIA,0.0041252071450353115,0.0005665769915663623,0.21046766403170303,0.013338639488210902,208.0
cdf_plateau,0.01,Isotonic,0.005763054388299165,0.0006059157419261267,0.0,0.00019799699657596648,1.0
cdf_plateau,0.01,Monotone Smooth,0.0030926573738572155,0.0005211271162506723,1.2699702400809074e-14,0.043217110505793244,1.0
cdf_plateau,0.01,MonotoneLSPIA,0.003077004554452502,0.0005149585083535713,1.2138207106104913e-14,0.029908641998190433,125.0
cdf_plateau,0.02,LSPIA,0.007351944011971042,0.001235396113413639,0.9763921991382847,0.01347759849159047,220.5
cdf_plateau,0.02,Denoise+LSPIA,0.006842863581575789,0.001172788392421226,0.4960651394679116,0.013216163992183283,206.5
cdf_plateau,0.02,Isotonic,0.010055962788147682,0.0010230347138569364,0.0,0.00020211649825796485,1.0
cdf_plateau,0.02,Monotone Smooth,0.005379701633260565,0.0011416050268861495,1.539157690189084e-14,0.04297870397567749,1.0
cdf_plateau,0.02,MonotoneLSPIA,0.0054135612324890305,0.0011544450892689137,1.494568357962576e-14,0.02967952800099738,119.5
cdf_plateau,0.035,LSPIA,0.012835823129468247,0.0024050416343409514,1.468510219451536,0.013968456478323787,231.5
cdf_plateau,0.035,Denoise+LSPIA,0.011430996398600487,0.0022852378284888954,0.7985550285371403,0.013364637008635327,209.0
cdf_plateau,0.035,Isotonic,0.01577184255952078,0.0018205496089058993,0.0,0.00020652799867093563,1.0
cdf_plateau,0.035,Monotone Smooth,0.009065862778029243,0.0024464204176556227,1.6877887976107787e-14,0.042993419512640685,1.0
cdf_plateau,0.035,MonotoneLSPIA,0.009096770305748755,0.0021785057648082726,1.5275974929451766e-14,0.029456846503308043,116.5
cdf_plateau,0.05,LSPIA,0.01758941446730332,0.0029490354544812326,2.0467659569894594,0.014381679997313768,236.5
cdf_plateau,0.05,Denoise+LSPIA,0.015658094895960803,0.002787477758988823,1.0823260081793284,0.013471991522237659,210.0
cdf_plateau,0.05,Isotonic,0.020282656283105077,0.002686219163617485,0.0,0.0002114329836331308,1.0
cdf_plateau,0.05,Monotone Smooth,0.012227685536033308,0.003135734807513819,2.0478063689211005e-14,0.042725453997263685,1.0
cdf_plateau,0.05,MonotoneLSPIA,0.012215332157580807,0.003035377727979745,1.9784451854576435e-14,0.0294855555112008,114.0
cdf_plateau,0.075,LSPIA,0.0274081929766108,0.005128973411711333,2.899903720764479,0.015057704003993422,241.0
cdf_plateau,0.075,Denoise+LSPIA,0.02424108599506354,0.004782399776923591,1.5705203787428863,0.014115450001554564,213.0
cdf_plateau,0.075,Isotonic,0.027597784880654973,0.00407814251667581,0.0,0.00024892849614843726,1.0
cdf_plateau,0.075,Monotone Smooth,0.018830331690659993,0.004474594906135068,2.090744244398479e-14,0.044647413975326344,1.0
cdf_plateau,0.075,MonotoneLSPIA,0.01775461768979477,0.0048481358941850385,2.2451554504421262e-14,0.030148339981678873,106.5
cdf_plateau,0.1,LSPIA,0.03658005134020482,0.006373624251959006,4.596408692279562,0.01510929100913927,246.0
cdf_plateau,0.1,Denoise+LSPIA,0.031935311696275,0.006091704142924576,2.414170485328181,0.01412923150928691,218.0
cdf_plateau,0.1,Isotonic,0.03478016407984347,0.005693230424602531,0.0,0.0002115370298270136,1.0
cdf_plateau,0.1,Monotone Smooth,0.02429760340162178,0.006355112095688873,2.1287277496284665e-14,0.044113196519901976,1.0
cdf_plateau,0.1,MonotoneLSPIA,0.023587083848167018,0.006360309111594491,2.133682119875857e-14,0.030948697502026334,110.5
