scenario,dataset,sigma,observations,prediction_points,workflow,method,repeats,seconds_q25,seconds_median,seconds_q75,maximum_negative_slope,convergence_rate
accuracy_condition,cdf_plateau,0.02,120,1000,fixed,MonotoneLSPIA,20,0.009904615,0.010382705499999999,0.0105587185,4.159173006001971e-14,1.0
accuracy_condition,cdf_plateau,0.02,120,1000,fixed,Penalized monotone B-spline,20,0.0031126705000000003,0.0031591444999999998,0.0032107255,4.159173006002087e-14,1.0
accuracy_condition,cdf_plateau,0.02,120,1000,fixed,pyGAM,20,0.0298271785,0.030891517,0.032027740250000006,4.944424869535281e-10,1.0
accuracy_condition,cdf_plateau,0.02,120,1000,total,MonotoneLSPIA,20,0.010227712,0.010372738,0.01051980525,4.159173006001971e-14,1.0
accuracy_condition,cdf_plateau,0.02,120,1000,total,Penalized monotone B-spline,20,0.04120254225,0.042609436,0.04305110675,4.159173006001971e-14,1.0
accuracy_condition,cdf_plateau,0.02,120,1000,total,pyGAM,20,0.12851175425,0.1301711565,0.13232596625,4.944424869535281e-10,1.0
accuracy_condition,cdf_plateau,0.05,120,1000,fixed,MonotoneLSPIA,20,0.009673695,0.009861251500000001,0.01008233775,3.3273384048016694e-13,1.0
accuracy_condition,cdf_plateau,0.05,120,1000,fixed,Penalized monotone B-spline,20,0.002896993,0.0030238075,0.0030793305,4.4364512064022255e-13,1.0
accuracy_condition,cdf_plateau,0.05,120,1000,fixed,pyGAM,20,0.02645690225,0.027474184,0.02799203875,1.078445832636301e-09,1.0
accuracy_condition,cdf_plateau,0.05,120,1000,total,MonotoneLSPIA,20,0.009836037249999999,0.009934704499999999,0.0101188645,3.3273384048016694e-13,1.0
accuracy_condition,cdf_plateau,0.05,120,1000,total,Penalized monotone B-spline,20,0.037138435000000004,0.039037247,0.03955064425,4.4364512064022255e-13,1.0
accuracy_condition,cdf_plateau,0.05,120,1000,total,pyGAM,20,0.117130455,0.11879229050000001,0.121231187,1.078445832636301e-09,1.0
accuracy_condition,cdf_plateau,0.1,120,1000,fixed,MonotoneLSPIA,20,0.010839299,0.011270392,0.01143474425,2.772782004001391e-14,1.0
accuracy_condition,cdf_plateau,0.1,120,1000,fixed,Penalized monotone B-spline,20,0.003275627,0.0033387160000000003,0.0034222745,4.159173006002087e-14,1.0
accuracy_condition,cdf_plateau,0.1,120,1000,fixed,pyGAM,20,0.0235060935,0.023907825,0.02478634625,3.4571046025887426e-09,1.0
accuracy_condition,cdf_plateau,0.1,120,1000,total,MonotoneLSPIA,20,0.01101918,0.011255948500000001,0.01143704625,2.772782004001391e-14,1.0
accuracy_condition,cdf_plateau,0.1,120,1000,total,Penalized monotone B-spline,20,0.04170634925,0.042857633,0.0440458665,4.159173006002087e-14,1.0
accuracy_condition,cdf_plateau,0.1,120,1000,total,pyGAM,20,0.10715739375,0.108929813,0.11111088125,3.4571046025887426e-09,1.0
accuracy_condition,dose_response,0.02,120,1000,fixed,MonotoneLSPIA,20,0.015860397999999998,0.016105173,0.016889507999999998,0.0,1.0
accuracy_condition,dose_response,0.02,120,1000,fixed,Penalized monotone B-spline,20,0.00301696225,0.0030742929999999996,0.0032014425,0.0,1.0
accuracy_condition,dose_response,0.02,120,1000,fixed,pyGAM,20,0.021234285,0.0214800375,0.02195049575,0.0,1.0
accuracy_condition,dose_response,0.02,120,1000,total,MonotoneLSPIA,20,0.0159522145,0.016014687,0.01651769975,0.0,1.0
accuracy_condition,dose_response,0.02,120,1000,total,Penalized monotone B-spline,20,0.04419391075,0.0444248735,0.04543719425,0.0,1.0
accuracy_condition,dose_response,0.02,120,1000,total,pyGAM,20,0.09708672525,0.098647351,0.099688488,0.0,1.0
accuracy_condition,dose_response,0.05,120,1000,fixed,MonotoneLSPIA,20,0.01772170725,0.0180679475,0.01923368775,0.0,1.0
accuracy_condition,dose_response,0.05,120,1000,fixed,Penalized monotone B-spline,20,0.002709538,0.0027385775,0.0029136927500000003,0.0,1.0
accuracy_condition,dose_response,0.05,120,1000,fixed,pyGAM,20,0.017201314250000002,0.017408719,0.01844504975,0.0,1.0
accuracy_condition,dose_response,0.05,120,1000,total,MonotoneLSPIA,20,0.017971527,0.0182339745,0.0192943135,0.0,1.0
accuracy_condition,dose_response,0.05,120,1000,total,Penalized monotone B-spline,20,0.04132047275,0.042349529,0.04274194425,0.0,1.0
accuracy_condition,dose_response,0.05,120,1000,total,pyGAM,20,0.094192837,0.0947894625,0.096627355,0.0,1.0
accuracy_condition,dose_response,0.1,120,1000,fixed,MonotoneLSPIA,20,0.0173500065,0.018123752,0.019095986250000002,0.0,1.0
accuracy_condition,dose_response,0.1,120,1000,fixed,Penalized monotone B-spline,20,0.0036598622499999997,0.0037166275,0.0038014915,0.0,1.0
accuracy_condition,dose_response,0.1,120,1000,fixed,pyGAM,20,0.01872241525,0.0194001005,0.02022174925,0.0,1.0
accuracy_condition,dose_response,0.1,120,1000,total,MonotoneLSPIA,20,0.01764836625,0.01810697,0.01887591025,0.0,1.0
accuracy_condition,dose_response,0.1,120,1000,total,Penalized monotone B-spline,20,0.044670797,0.045726972000000005,0.04687797075,0.0,1.0
accuracy_condition,dose_response,0.1,120,1000,total,pyGAM,20,0.0988329305,0.100359424,0.10087280274999999,0.0,1.0
accuracy_condition,sensor_log,0.02,120,1000,fixed,MonotoneLSPIA,20,0.018288023,0.0184718535,0.01916252925,0.0,1.0
accuracy_condition,sensor_log,0.02,120,1000,fixed,Penalized monotone B-spline,20,0.002959502,0.003015101,0.0031097959999999997,0.0,1.0
accuracy_condition,sensor_log,0.02,120,1000,fixed,pyGAM,20,0.0130612495,0.0133935575,0.0147239535,0.0,1.0
accuracy_condition,sensor_log,0.02,120,1000,total,MonotoneLSPIA,20,0.01831156425,0.018444576499999997,0.01898783625,0.0,1.0
accuracy_condition,sensor_log,0.02,120,1000,total,Penalized monotone B-spline,20,0.04036346175,0.040645935,0.04091122925,0.0,1.0
accuracy_condition,sensor_log,0.02,120,1000,total,pyGAM,20,0.08645267875000001,0.08763812900000001,0.08939687525000001,0.0,1.0
accuracy_condition,sensor_log,0.05,120,1000,fixed,MonotoneLSPIA,20,0.0198781925,0.0201109685,0.02126761875,0.0,1.0
accuracy_condition,sensor_log,0.05,120,1000,fixed,Penalized monotone B-spline,20,0.001430762,0.0014815205,0.00150146725,0.0,1.0
accuracy_condition,sensor_log,0.05,120,1000,fixed,pyGAM,20,0.013076168249999999,0.013193214,0.01338290825,0.0,1.0
accuracy_condition,sensor_log,0.05,120,1000,total,MonotoneLSPIA,20,0.02000247725,0.0201818135,0.02080211375,0.0,1.0
accuracy_condition,sensor_log,0.05,120,1000,total,Penalized monotone B-spline,20,0.0357779925,0.036066440500000005,0.036852591000000004,0.0,1.0
accuracy_condition,sensor_log,0.05,120,1000,total,pyGAM,20,0.086217348,0.0873199025,0.088203764,0.0,1.0
accuracy_condition,sensor_log,0.1,120,1000,fixed,MonotoneLSPIA,20,0.016572387,0.0166456585,0.0175043915,0.0,1.0
accuracy_condition,sensor_log,0.1,120,1000,fixed,Penalized monotone B-spline,20,0.00142493025,0.0014506765,0.0015179605,0.0,1.0
accuracy_condition,sensor_log,0.1,120,1000,fixed,pyGAM,20,0.013047032,0.0131412005,0.01372619275,0.0,1.0
accuracy_condition,sensor_log,0.1,120,1000,total,MonotoneLSPIA,20,0.016597355,0.0167721745,0.01757954725,0.0,1.0
accuracy_condition,sensor_log,0.1,120,1000,total,Penalized monotone B-spline,20,0.03833866025,0.038590894,0.0389620625,0.0,1.0
accuracy_condition,sensor_log,0.1,120,1000,total,pyGAM,20,0.0901805425,0.0915188265,0.09252185025,0.0,1.0
scaling,dose_response,0.05,120,120,fixed,MonotoneLSPIA,20,0.0179469545,0.018614488999999998,0.018789674,0.0,1.0
scaling,dose_response,0.05,120,120,fixed,Penalized monotone B-spline,20,0.0032115555000000002,0.0033151915,0.00335277475,0.0,1.0
scaling,dose_response,0.05,120,120,fixed,pyGAM,20,0.022659409250000002,0.0232938445,0.023965069999999998,0.0,1.0
scaling,dose_response,0.05,120,120,total,MonotoneLSPIA,20,0.01752047675,0.018290962,0.018797603,0.0,1.0
scaling,dose_response,0.05,120,120,total,Penalized monotone B-spline,20,0.0445917755,0.0452484245,0.04652354625,0.0,1.0
scaling,dose_response,0.05,120,120,total,pyGAM,20,0.09524790799999999,0.09716140200000001,0.09943876575,0.0,1.0
scaling,dose_response,0.05,1000,1000,fixed,MonotoneLSPIA,20,0.0196642055,0.020636057,0.02114515925,0.0,1.0
scaling,dose_response,0.05,1000,1000,fixed,Penalized monotone B-spline,20,0.0044586395,0.0045146705,0.0045946305,0.0,1.0
scaling,dose_response,0.05,1000,1000,fixed,pyGAM,20,0.0257377545,0.0268641405,0.027335839,0.0,1.0
scaling,dose_response,0.05,1000,1000,total,MonotoneLSPIA,20,0.019796684000000002,0.020438597000000003,0.0208927905,0.0,1.0
scaling,dose_response,0.05,1000,1000,total,Penalized monotone B-spline,20,0.06381328075,0.064840232,0.06629248875,0.0,1.0
scaling,dose_response,0.05,1000,1000,total,pyGAM,20,0.11911691399999999,0.122572792,0.12527942325,0.0,1.0
scaling,dose_response,0.05,10000,10000,fixed,MonotoneLSPIA,20,0.0531645915,0.054338858000000004,0.060885566749999995,0.0,1.0
scaling,dose_response,0.05,10000,10000,fixed,Penalized monotone B-spline,20,0.01302833475,0.0134554315,0.01395602425,0.0,1.0
scaling,dose_response,0.05,10000,10000,fixed,pyGAM,20,0.0508443185,0.052544493,0.05489861175,0.0,1.0
scaling,dose_response,0.05,10000,10000,total,MonotoneLSPIA,20,0.053649459249999996,0.0554341155,0.0606500915,0.0,1.0
scaling,dose_response,0.05,10000,10000,total,Penalized monotone B-spline,20,0.15711920024999998,0.1631431535,0.16787764875,0.0,1.0
scaling,dose_response,0.05,10000,10000,total,pyGAM,20,0.272748589,0.2788813975,0.290437976,0.0,1.0
scaling,dose_response,0.05,100000,100000,fixed,MonotoneLSPIA,20,0.30245383875,0.3590811645,0.40985464375,0.0,1.0
scaling,dose_response,0.05,100000,100000,fixed,Penalized monotone B-spline,20,0.05610537,0.057098284,0.058603164250000006,0.0,1.0
scaling,dose_response,0.05,100000,100000,fixed,pyGAM,20,0.36228278825000004,0.36720428250000003,0.383079743,0.0,1.0
scaling,dose_response,0.05,100000,100000,total,MonotoneLSPIA,20,0.288098554,0.34011324,0.3784758495,0.0,1.0
scaling,dose_response,0.05,100000,100000,total,Penalized monotone B-spline,20,1.0687882119999998,1.1215808805,1.2460934875,0.0,1.0
scaling,dose_response,0.05,100000,100000,total,pyGAM,20,1.78246616875,1.8100845605,1.829326296,0.0,1.0
